[{"utente":"Admin","password":"Test","impostazioni":{"darkMode":true}},{"utente":"Willy","password":"sonoScimmia","impostazioni":{"darkMode":true}},{"utente":"a","password":"a","impostazioni":{"darkMode":true}},{"utente":"Raffa","password":"Bruh","impostazioni":{"darkMode":false}},{"utente":"Gabribbo","password":"raffa","impostazioni":{"darkMode":false}},{"utente":"aaabibobibo","password":"IlPapipoPapapoBello","impostazioni":{"darkMode":false}},{"utente":"PizzaMargherita","password":"PizzaMargherita26","impostazioni":{"darkMode":true}},{"utente":"williamParola","password":"scemoChiLegge","impostazioni":{"darkMode":true}},{"utente":"Enrico","password":"forse","impostazioni":{"darkMode":true}},{"utente":"Gennaro","password":"bistecca","impostazioni":{"darkMode":true}},{"utente":"Albertazzi","password":"cicciogamer","impostazioni":{"darkMode":true}},{"utente":"giusy","password":"dodici","impostazioni":{"darkMode":true}},{"utente":"morning","password":"sigillo90","impostazioni":{"darkMode":true}},{"utente":"alessandro","password":"nonjèbellociochèbellomaquantoèbelloilmiopisello","impostazioni":{"darkMode":false}},{"utente":"Marco","password":"1234","impostazioni":{"darkMode":true}}]